post_date,likes
2023-03-30 16:59:43,5
2022-05-09 07:48:41,3
2022-02-28 14:22:48,0
2020-12-04 08:34:46,1
2020-06-30 18:40:08,8
2020-05-06 23:45:09,6
2020-05-06 20:07:53,3
2020-05-05 17:46:22,5
2020-04-26 17:50:41,19
2020-04-24 17:40:57,3
2019-03-13 07:45:53,1
2019-02-05 18:07:50,3
2019-02-05 18:01:18,4
2018-12-04 10:14:22,0
2018-08-02 22:13:00,0
2018-06-02 22:37:40,1
2018-05-16 07:52:07,0
2018-05-15 20:23:51,2
2018-05-14 07:50:49,0
2018-05-11 09:31:38,0
2018-05-09 10:52:40,0
2018-04-19 18:28:12,0
2018-04-19 07:26:00,0
2018-03-12 07:25:06,0
2018-03-05 15:57:28,0
2018-03-05 15:55:27,0
2018-03-05 15:46:15,0
2018-03-01 11:36:34,0
2018-02-21 07:41:32,2
2018-02-19 13:37:38,0
2018-02-17 22:47:14,2
2018-02-17 07:30:54,2
2018-02-16 07:37:45,1
2018-02-15 08:31:16,0
2018-02-13 18:35:58,0
2018-02-12 22:24:44,2
2018-02-12 07:44:28,1
2018-02-10 22:16:47,0
2018-02-10 22:13:16,0
2018-02-10 22:12:14,0
2018-02-06 07:35:55,0
2018-02-06 07:34:23,0
2018-02-05 12:09:55,0
2018-02-02 07:36:21,0
2018-02-02 07:35:36,0
2018-02-01 13:41:23,1
2018-02-01 07:56:17,0
2018-02-01 07:53:46,0
2018-01-31 22:32:46,1
2018-01-31 22:26:57,2
2018-01-31 19:08:01,0
2018-01-27 15:27:21,0
2018-01-26 14:55:31,0
2018-01-26 14:51:41,0
2018-01-26 13:49:15,1
2018-01-26 09:17:55,1
2018-01-25 15:37:38,0
2018-01-15 22:54:52,0
2018-01-15 18:23:54,0
2018-01-03 22:49:20,0
2018-01-01 14:57:27,0
2017-12-28 15:04:37,1
2017-12-28 08:10:22,1
2017-12-27 22:04:02,0
2017-12-25 10:29:56,0
2017-12-21 13:20:42,2
2017-12-17 22:31:23,1
2017-12-17 10:59:12,1
2017-12-17 10:57:15,0
2017-12-17 10:56:45,0
2017-12-17 10:49:26,0
2017-12-15 07:46:49,0
2017-12-15 07:42:18,0
2017-12-11 14:00:25,2
2017-12-08 18:39:58,0
2017-12-04 09:32:00,0
2017-12-03 15:01:59,0
2017-12-02 09:09:34,0
2017-11-26 15:44:43,0
2017-11-07 14:00:49,2
2017-11-03 07:55:43,4
2017-11-01 14:26:29,3
2017-11-01 07:59:01,1
2017-10-31 07:48:08,0
2017-10-28 14:46:51,0
2017-10-28 07:57:34,1
2017-10-25 15:54:23,1
2017-10-25 12:33:24,1
2017-10-24 07:53:24,0
2017-10-24 07:48:34,1
2017-10-20 10:31:48,0
2017-10-19 21:39:14,0
2017-10-19 14:56:04,0
2017-10-18 16:00:19,0
2017-10-17 22:03:27,1
2017-10-15 09:04:34,1
2017-10-15 09:03:00,1
2017-10-08 14:48:41,1
2017-09-28 15:52:33,3
2017-09-22 22:30:10,1
